<?xml version="1.0" encoding="UTF-8"?>
<project-private xmlns="http://www.netbeans.org/ns/project-private/1">
    <editor-bookmarks xmlns="http://www.netbeans.org/ns/editor-bookmarks/2" lastBookmarkId="0"/>
    <open-files xmlns="http://www.netbeans.org/ns/projectui-open-files/2">
        <group>
            <file>file:/F:/Project-2/IBE_Flexible%20Sharing%20of%20Encrypted%20Data%20in%20Public%20Cloud/IBE_Flexible%20Sharing%20of%20Encrypted%20Data%20in%20Public%20Cloud/src/java/algorithm/Ftpcon.java</file>
            <file>file:/F:/Project-2/IBE_Flexible%20Sharing%20of%20Encrypted%20Data%20in%20Public%20Cloud/IBE_Flexible%20Sharing%20of%20Encrypted%20Data%20in%20Public%20Cloud/src/java/algorithm/Decryption.java</file>
            <file>file:/F:/Project-2/IBE_Flexible%20Sharing%20of%20Encrypted%20Data%20in%20Public%20Cloud/IBE_Flexible%20Sharing%20of%20Encrypted%20Data%20in%20Public%20Cloud/src/java/algorithm/Encryption.java</file>
        </group>
    </open-files>
</project-private>
